{
"__comment": "Designed by Killzxgaming with BDcraft Cubik PRO 0.87 Beta - http://bdcraft.net",
"textures": {
    "particle": "blocks/door_spruce_upper",
    "texture": "blocks/door_spruce_upper"
},
"elements": [ 
{
    "from": [ 13, 0, 0 ],
    "to": [ 16, 16, 4 ],
    "faces": {
        "down":  { "uv": [ 16, 3, 12, 0 ], "rotation": 270, "texture": "#texture" },
        "up":    { "uv": [ 0, 0, 4, 3 ], "rotation": 90, "texture": "#texture" },
        "north": { "uv": [ 0, 0, 3, 16 ], "texture": "#texture" },
        "south": { "uv": [ 13, 0, 16, 16 ], "texture": "#texture" },
        "west":  { "uv": [ 0, 0, 4, 16 ], "texture": "#texture" },
        "east":  { "uv": [ 12, 0, 16, 16 ], "texture": "#texture" }
    }
},
{
    "from": [ 13, 0, 12 ],
    "to": [ 16, 16, 16 ],
    "faces": {
        "down":  { "uv": [ 4, 3, 0, 0 ], "rotation": 270, "texture": "#texture" },
        "up":    { "uv": [ 12, 0, 16, 3 ], "rotation": 90, "texture": "#texture" },
        "north": { "uv": [ 0, 0, 3, 16 ], "texture": "#texture" },
        "south": { "uv": [ 13, 0, 16, 16 ], "texture": "#texture" },
        "west":  { "uv": [ 12, 0, 16, 16 ], "texture": "#texture" },
        "east":  { "uv": [ 0, 0, 4, 16 ], "texture": "#texture" }
    }
},
{
    "from": [ 13, 12, 4 ],
    "to": [ 14, 16, 12 ],
    "faces": {
        "down":  { "uv": [ 12, 3, 4, 2 ], "rotation": 270, "texture": "#texture" },
        "up":    { "uv": [ 4, 2, 12, 3 ], "rotation": 90, "texture": "#texture" },
        "north": { "uv": [ 2, 0, 3, 4 ], "texture": "#texture" },
        "south": { "uv": [ 13, 0, 14, 4 ], "texture": "#texture" },
        "west":  { "uv": [ 4, 0, 12, 4 ], "texture": "#texture" },
        "east":  { "uv": [ 4, 0, 12, 4 ], "texture": "#texture" }
    }
},
{
    "from": [ 14, 0, 4 ],
    "to": [ 15, 16, 12 ],
    "faces": {
        "down":  { "uv": [ 12, 2, 4, 1 ], "rotation": 270, "texture": "#texture" },
        "up":    { "uv": [ 4, 1, 12, 2 ], "rotation": 90, "texture": "#texture" },
        "north": { "uv": [ 1, 0, 2, 16 ], "texture": "#texture" },
        "south": { "uv": [ 14, 0, 15, 16 ], "texture": "#texture" },
        "west":  { "uv": [ 4, 0, 12, 16 ], "texture": "#texture" },
        "east":  { "uv": [ 4, 0, 12, 16 ], "texture": "#texture" }
    }
},
{
    "from": [ 15, 12, 4 ],
    "to": [ 16, 16, 12 ],
    "faces": {
        "down":  { "uv": [ 12, 1, 4, 0 ], "rotation": 270, "texture": "#texture" },
        "up":    { "uv": [ 4, 0, 12, 1 ], "rotation": 90, "texture": "#texture" },
        "north": { "uv": [ 0, 0, 1, 4 ], "texture": "#texture" },
        "south": { "uv": [ 15, 0, 16, 4 ], "texture": "#texture" },
        "west":  { "uv": [ 4, 0, 12, 4 ], "texture": "#texture" },
        "east":  { "uv": [ 4, 0, 12, 4 ], "texture": "#texture" }
    }
}
]
}