{
"__comment": "Designed by Killzxgaming with BDcraft Cubik PRO 0.87 Beta - http://bdcraft.net",
"textures": {
    "particle": "blocks/crafting_table_side",
    "texture": "blocks/crafting_table_side"
},
"elements": [ 
{
    "from": [ 0, 14.5, 0 ],
    "to": [ 2, 16, 16 ],
    "faces": {
        "down":  { "uv": [ 16, 16, 14, 0 ], "texture": "#texture" },
        "up":    { "uv": [ 0, 0, 2, 16 ], "texture": "#texture" },
        "north": { "uv": [ 14, 0, 16, 1.5 ], "texture": "#texture" },
        "south": { "uv": [ 0, 0, 2, 1.5 ], "texture": "#texture" },
        "west":  { "uv": [ 0, 0, 16, 1.5 ], "texture": "#texture" },
        "east":  { "uv": [ 0, 0, 16, 1.5 ], "texture": "#texture" }
    }
},
{
    "from": [ 2, 14.5, 0 ],
    "to": [ 16, 16, 2 ],
    "faces": {
        "down":  { "uv": [ 14, 2, 0, 0 ], "texture": "#texture" },
        "up":    { "uv": [ 2, 0, 16, 2 ], "texture": "#texture" },
        "north": { "uv": [ 0, 0, 14, 1.5 ], "texture": "#texture" },
        "south": { "uv": [ 2, 0, 16, 1.5 ], "texture": "#texture" },
        "west":  { "uv": [ 0, 0, 2, 1.5 ], "texture": "#texture" },
        "east":  { "uv": [ 14, 0, 16, 1.5 ], "texture": "#texture" }
    }
},
{
    "from": [ 14, 14.5, 2 ],
    "to": [ 16, 16, 16 ],
    "faces": {
        "down":  { "uv": [ 2, 16, 0, 2 ], "texture": "#texture" },
        "up":    { "uv": [ 14, 2, 16, 16 ], "texture": "#texture" },
        "north": { "uv": [ 0, 0, 2, 1.5 ], "texture": "#texture" },
        "south": { "uv": [ 14, 0, 16, 1.5 ], "texture": "#texture" },
        "west":  { "uv": [ 2, 0, 16, 1.5 ], "texture": "#texture" },
        "east":  { "uv": [ 0, 0, 14, 1.5 ], "texture": "#texture" }
    }
},
{
    "from": [ 2, 14.5, 14 ],
    "to": [ 14, 16, 16 ],
    "faces": {
        "down":  { "uv": [ 14, 16, 2, 14 ], "texture": "#texture" },
        "up":    { "uv": [ 2, 14, 14, 16 ], "texture": "#texture" },
        "north": { "uv": [ 2, 0, 14, 1.5 ], "texture": "#texture" },
        "south": { "uv": [ 2, 0, 14, 1.5 ], "texture": "#texture" },
        "west":  { "uv": [ 14, 0, 16, 1.5 ], "texture": "#texture" },
        "east":  { "uv": [ 0, 0, 2, 1.5 ], "texture": "#texture" }
    }
},
{
    "from": [ 14, 0, 0 ],
    "to": [ 16, 14.5, 2 ],
    "faces": {
        "down":  { "uv": [ 2, 2, 0, 0 ], "texture": "#texture" },
        "up":    { "uv": [ 14, 0, 16, 2 ], "texture": "#texture" },
        "north": { "uv": [ 0, 1.5, 2, 16 ], "texture": "#texture" },
        "south": { "uv": [ 14, 1.5, 16, 16 ], "texture": "#texture" },
        "west":  { "uv": [ 0, 1.5, 2, 16 ], "texture": "#texture" },
        "east":  { "uv": [ 14, 1.5, 16, 16 ], "texture": "#texture" }
    }
},
{
    "from": [ 2, 13.5, 2 ],
    "to": [ 14, 14.5, 14 ],
    "faces": {
        "down":  { "uv": [ 14, 14, 2, 2 ], "texture": "#texture" },
        "up":    { "uv": [ 2, 2, 14, 14 ], "texture": "#texture" },
        "north": { "uv": [ 2, 1.5, 14, 2.5 ], "texture": "#texture" },
        "south": { "uv": [ 2, 1.5, 14, 2.5 ], "texture": "#texture" },
        "west":  { "uv": [ 2, 1.5, 14, 2.5 ], "texture": "#texture" },
        "east":  { "uv": [ 2, 1.5, 14, 2.5 ], "texture": "#texture" }
    }
},
{
    "from": [ 0, 0, 14 ],
    "to": [ 2, 14.5, 16 ],
    "faces": {
        "down":  { "uv": [ 16, 16, 14, 14 ], "texture": "#texture" },
        "up":    { "uv": [ 0, 14, 2, 16 ], "texture": "#texture" },
        "north": { "uv": [ 14, 1.5, 16, 16 ], "texture": "#texture" },
        "south": { "uv": [ 0, 1.5, 2, 16 ], "texture": "#texture" },
        "west":  { "uv": [ 14, 1.5, 16, 16 ], "texture": "#texture" },
        "east":  { "uv": [ 0, 1.5, 2, 16 ], "texture": "#texture" }
    }
},
{
    "from": [ 0, 0, 0 ],
    "to": [ 16, 2.5, 16 ],
    "faces": {
        "down":  { "uv": [ 16, 16, 0, 0 ], "texture": "#texture" },
        "up":    { "uv": [ 0, 0, 16, 16 ], "texture": "#texture" },
        "north": { "uv": [ 0, 13.5, 16, 16 ], "texture": "#texture" },
        "south": { "uv": [ 0, 13.5, 16, 16 ], "texture": "#texture" },
        "west":  { "uv": [ 0, 13.5, 16, 16 ], "texture": "#texture" },
        "east":  { "uv": [ 0, 13.5, 16, 16 ], "texture": "#texture" }
    }
},
{
    "from": [ 14, 0, 14 ],
    "to": [ 16, 16, 16 ],
    "faces": {
        "down":  { "uv": [ 2, 16, 0, 14 ], "texture": "#texture" },
        "up":    { "uv": [ 14, 14, 16, 16 ], "texture": "#texture" },
        "north": { "uv": [ 0, 0, 2, 16 ], "texture": "#texture" },
        "south": { "uv": [ 14, 0, 16, 16 ], "texture": "#texture" },
        "west":  { "uv": [ 14, 0, 16, 16 ], "texture": "#texture" },
        "east":  { "uv": [ 0, 0, 2, 16 ], "texture": "#texture" }
    }
},
{
    "from": [ 0, 0, 0 ],
    "to": [ 2, 16, 2 ],
    "faces": {
        "down":  { "uv": [ 16, 2, 14, 0 ], "texture": "#texture" },
        "up":    { "uv": [ 0, 0, 2, 2 ], "texture": "#texture" },
        "north": { "uv": [ 14, 0, 16, 16 ], "texture": "#texture" },
        "south": { "uv": [ 0, 0, 2, 16 ], "texture": "#texture" },
        "west":  { "uv": [ 0, 0, 2, 16 ], "texture": "#texture" },
        "east":  { "uv": [ 14, 0, 16, 16 ], "texture": "#texture" }
    }
},
{
    "from": [ 2, 2, 2 ],
    "to": [ 14, 14, 14 ],
    "faces": {
        "down":  { "uv": [ 14, 14, 2, 2 ], "texture": "#texture" },
        "up":    { "uv": [ 2, 2, 14, 14 ], "texture": "#texture" },
        "north": { "uv": [ 2, 2, 14, 14 ], "texture": "#texture" },
        "south": { "uv": [ 2, 2, 14, 14 ], "texture": "#texture" },
        "west":  { "uv": [ 2, 2, 14, 14 ], "texture": "#texture" },
        "east":  { "uv": [ 2, 2, 14, 14 ], "texture": "#texture" }
    }
}
]
}